{
  "uid": "page1",
  "title": [
    {
      "type": "heading1",
      "content": {
        "text": "My page",
        "spans": []
      }
    }
  ],
  "link": {
    "id": "YYkNixEAACIARYgT",
    "wioUrl": "wio://documents/YYkNixEAACIARYgT"
  },
  "links": [
    {
      "link": {
        "id": "YYkNixEAACIARYgT",
        "wioUrl": "wio://documents/YYkNixEAACIARYgT"
      }
    },
    {
      "link": {
        "id": "YYkNixEAACIARYgT",
        "wioUrl": "wio://documents/YYkNixEAACIARYgT"
      }
    }
  ],
  "body": [
    {
      "key": "herobanner$9699c353-39de-4dd4-85ec-5967049959ec",
      "value": {
        "variation": "default-slice",
        "items": [
          {}
        ],
        "primary": {
          "title1": [
            {
              "type": "heading1",
              "content": {
                "text": "Hero Banner",
                "spans": []
              }
            }
          ],
          "description": [
            {
              "type": "paragraph",
              "content": {
                "text": "This is the top banner ",
                "spans": []
              }
            }
          ],
          "image": {
            "origin": {
              "id": "Xs0bIhIAACIAWMj6",
              "url": "https://prismic-io.s3.amazonaws.com/slicemachine-blank/26d81419-4d65-46b8-853e-8ea902e160c1_groovy.png",
              "width": 2048,
              "height": 1536
            },
            "width": 2048,
            "height": 1536,
            "url": "https://images.prismic.io/slicemachine-blank/26d81419-4d65-46b8-853e-8ea902e160c1_groovy.png?auto=compress,format",
            "edit": {
              "background": "transparent",
              "zoom": 1,
              "crop": {
                "x": 0,
                "y": 0
              }
            },
            "credits": null,
            "alt": null,
            "provider": "imgix",
            "thumbnails": {}
          },
          "cta": "Click here",
          "ctalink": {
            "id": "YYkNixEAACIARYgT",
            "wioUrl": "wio://documents/YYkNixEAACIARYgT"
          }
        }
      }
    },
    {
      "key": "carousel$fdcc61fe-0237-4b9d-8524-50a81e43c852",
      "value": {
        "variation": "default-slice",
        "items": [
          {
            "image": {
              "origin": {
                "id": "Xs0bIhIAACMAWMj4",
                "url": "https://prismic-io.s3.amazonaws.com/slicemachine-blank/dcea6535-f43b-49a7-8623-bf281aaf1cb2_roller-skating.png",
                "width": 2048,
                "height": 1536
              },
              "width": 2048,
              "height": 1536,
              "url": "https://images.prismic.io/slicemachine-blank/dcea6535-f43b-49a7-8623-bf281aaf1cb2_roller-skating.png?auto=compress,format",
              "edit": {
                "background": "transparent",
                "zoom": 1,
                "crop": {
                  "x": 0,
                  "y": 0
                }
              },
              "credits": null,
              "alt": null,
              "provider": "imgix",
              "thumbnails": {
                "mobile": {
                  "origin": {
                    "id": "Xs0bIhIAACMAWMj4",
                    "url": "https://prismic-io.s3.amazonaws.com/slicemachine-blank/dcea6535-f43b-49a7-8623-bf281aaf1cb2_roller-skating.png",
                    "width": 2048,
                    "height": 1536
                  },
                  "width": 400,
                  "height": 400,
                  "url": "https://images.prismic.io/slicemachine-blank/dcea6535-f43b-49a7-8623-bf281aaf1cb2_roller-skating.png?auto=compress,format&rect=257,0,1536,1536&w=400&h=400",
                  "edit": {
                    "background": "transparent",
                    "zoom": 0.2604166666666667,
                    "crop": {
                      "x": -67,
                      "y": 0
                    }
                  },
                  "credits": null,
                  "alt": null,
                  "provider": "imgix"
                }
              }
            },
            "title1": [
              {
                "type": "heading1",
                "content": {
                  "text": "Skate",
                  "spans": []
                }
              }
            ],
            "link1": {
              "id": "YYkNixEAACIARYgT",
              "wioUrl": "wio://documents/YYkNixEAACIARYgT"
            }
          },
          {
            "image": {
              "origin": {
                "id": "Xs0bIhIAACEAWMj0",
                "url": "https://prismic-io.s3.amazonaws.com/slicemachine-blank/76bc1e6e-67a0-41d9-9c3c-5a5d3161e6a9_bikini.png",
                "width": 2048,
                "height": 1536
              },
              "width": 2048,
              "height": 1536,
              "url": "https://images.prismic.io/slicemachine-blank/76bc1e6e-67a0-41d9-9c3c-5a5d3161e6a9_bikini.png?auto=compress,format",
              "edit": {
                "background": "transparent",
                "zoom": 1,
                "crop": {
                  "x": 0,
                  "y": 0
                }
              },
              "credits": null,
              "alt": null,
              "provider": "imgix",
              "thumbnails": {
                "mobile": {
                  "origin": {
                    "id": "Xs0bIhIAACEAWMj0",
                    "url": "https://prismic-io.s3.amazonaws.com/slicemachine-blank/76bc1e6e-67a0-41d9-9c3c-5a5d3161e6a9_bikini.png",
                    "width": 2048,
                    "height": 1536
                  },
                  "width": 400,
                  "height": 400,
                  "url": "https://images.prismic.io/slicemachine-blank/76bc1e6e-67a0-41d9-9c3c-5a5d3161e6a9_bikini.png?auto=compress,format&rect=257,0,1536,1536&w=400&h=400",
                  "edit": {
                    "background": "transparent",
                    "zoom": 0.2604166666666667,
                    "crop": {
                      "x": -67,
                      "y": 0
                    }
                  },
                  "credits": null,
                  "alt": null,
                  "provider": "imgix"
                }
              }
            },
            "title1": [
              {
                "type": "heading1",
                "content": {
                  "text": "Dance",
                  "spans": []
                }
              }
            ],
            "link1": {
              "id": "YYkNixEAACIARYgT",
              "wioUrl": "wio://documents/YYkNixEAACIARYgT"
            }
          },
          {
            "image": {
              "origin": {
                "id": "Xs0bIhIAACMAWMj2",
                "url": "https://prismic-io.s3.amazonaws.com/slicemachine-blank/b07ef5eb-891d-44f2-a239-2fea5a999116_reading-side.png",
                "width": 2048,
                "height": 1536
              },
              "width": 2048,
              "height": 1536,
              "url": "https://images.prismic.io/slicemachine-blank/b07ef5eb-891d-44f2-a239-2fea5a999116_reading-side.png?auto=compress,format",
              "edit": {
                "background": "transparent",
                "zoom": 1,
                "crop": {
                  "x": 0,
                  "y": 0
                }
              },
              "credits": null,
              "alt": null,
              "provider": "imgix",
              "thumbnails": {
                "mobile": {
                  "origin": {
                    "id": "Xs0bIhIAACMAWMj2",
                    "url": "https://prismic-io.s3.amazonaws.com/slicemachine-blank/b07ef5eb-891d-44f2-a239-2fea5a999116_reading-side.png",
                    "width": 2048,
                    "height": 1536
                  },
                  "width": 400,
                  "height": 400,
                  "url": "https://images.prismic.io/slicemachine-blank/b07ef5eb-891d-44f2-a239-2fea5a999116_reading-side.png?auto=compress,format&rect=257,0,1536,1536&w=400&h=400",
                  "edit": {
                    "background": "transparent",
                    "zoom": 0.2604166666666667,
                    "crop": {
                      "x": -67,
                      "y": 0
                    }
                  },
                  "credits": null,
                  "alt": null,
                  "provider": "imgix"
                }
              }
            },
            "title1": [
              {
                "type": "heading1",
                "content": {
                  "text": "Read",
                  "spans": []
                }
              }
            ],
            "link1": {
              "id": "YYkNixEAACIARYgT",
              "wioUrl": "wio://documents/YYkNixEAACIARYgT"
            }
          }
        ],
        "primary": {}
      }
    }
  ],
  "type": "page2",
  "tags": [],
  "lang": "en-us",
  "grouplang": "YYKcNREAACMAKRJ9"
}